tx_id,sub_id,gateway,currency,status,error_code,tx_date,amount,country
1,1,Apple Pay,USD,Success,,2025-04-25 10:33:06.434929,3.99,DE
2,1,Apple Pay,USD,Success,,2025-05-23 10:33:06.434929,3.99,FR
3,1,Stripe,USD,Soft Decline,ERR_769,2025-06-29 10:33:06.434929,3.99,US
4,1,Apple Pay,USD,Success,,2025-07-28 10:33:06.434929,3.99,US
5,2,Stripe,USD,Success,,2025-09-23 10:33:06.434929,19.99,US
6,2,Stripe,USD,Success,,2025-10-30 10:33:06.434929,19.99,US
7,2,PayPal,USD,Soft Decline,ERR_204,2025-11-30 10:33:06.434929,19.99,DE
8,2,Stripe,USD,Success,,2025-12-24 10:33:06.434929,19.99,DE
9,3,Stripe,USD,Success,,2025-09-11 10:33:06.434929,3.99,DE
10,4,Apple Pay,USD,Success,,2024-03-09 10:33:06.434929,3.99,CA
11,4,Stripe,USD,Success,,2024-04-08 10:33:06.434929,3.99,US
12,4,Stripe,USD,Success,,2024-05-07 10:33:06.434929,3.99,CA
13,4,Stripe,USD,Success,,2024-06-06 10:33:06.434929,3.99,FR
14,4,PayPal,USD,Success,,2024-07-11 10:33:06.434929,3.99,UK
15,5,Apple Pay,USD,Success,,2025-08-24 10:33:06.434929,19.99,UK
16,5,Stripe,USD,Success,,2025-09-18 10:33:06.434929,19.99,UK
17,5,Stripe,USD,Success,,2025-10-25 10:33:06.434929,19.99,UK
18,6,Stripe,USD,Success,,2024-04-08 10:33:06.434929,3.99,UK
19,6,Stripe,USD,Success,,2024-05-01 10:33:06.434929,3.99,US
20,7,Stripe,USD,Soft Decline,ERR_301,2025-02-27 10:33:06.434929,9.99,DE
21,8,Stripe,USD,Success,,2024-04-14 10:33:06.434929,19.99,UK
22,8,Apple Pay,USD,Success,,2024-05-12 10:33:06.434929,19.99,UK
23,8,PayPal,USD,Success,,2024-06-14 10:33:06.434929,19.99,US
24,8,Stripe,USD,Success,,2024-07-11 10:33:06.434929,19.99,US
25,9,Stripe,USD,Hard Decline,ERR_254,2024-03-25 10:33:06.434929,9.99,US
26,9,Stripe,USD,Success,,2024-05-01 10:33:06.434929,9.99,US
27,9,Apple Pay,USD,Success,,2024-05-26 10:33:06.434929,9.99,US
28,10,Stripe,USD,Success,,2024-02-18 10:33:06.434929,19.99,CA
29,10,Stripe,USD,Hard Decline,ERR_530,2024-03-23 10:33:06.434929,19.99,US
30,11,Stripe,USD,Success,,2025-03-31 10:33:06.434929,3.99,UK
31,12,Apple Pay,USD,Success,,2025-04-23 10:33:06.434929,19.99,US
32,12,Stripe,USD,Success,,2025-05-19 10:33:06.434929,19.99,US
33,13,PayPal,USD,Hard Decline,ERR_598,2024-09-05 10:33:06.434929,9.99,US
34,13,Stripe,USD,Hard Decline,ERR_965,2024-10-08 10:33:06.434929,9.99,UK
35,13,PayPal,USD,Success,,2024-11-02 10:33:06.434929,9.99,US
36,13,PayPal,USD,Success,,2024-12-05 10:33:06.434929,9.99,US
37,14,Stripe,USD,Success,,2025-07-01 10:33:06.434929,3.99,UK
38,14,PayPal,USD,Success,,2025-07-26 10:33:06.434929,3.99,UK
39,14,Apple Pay,USD,Success,,2025-08-28 10:33:06.434929,3.99,US
40,14,PayPal,USD,Success,,2025-09-28 10:33:06.434929,3.99,US
41,14,Stripe,USD,Soft Decline,ERR_246,2025-10-31 10:33:06.434929,3.99,UK
42,15,PayPal,USD,Soft Decline,ERR_861,2024-01-25 10:33:06.434929,19.99,UK
43,15,Stripe,USD,Success,,2024-02-21 10:33:06.434929,19.99,DE
44,15,PayPal,USD,Success,,2024-03-30 10:33:06.434929,19.99,FR
45,15,PayPal,USD,Success,,2024-04-22 10:33:06.434929,19.99,UK
46,16,Stripe,USD,Success,,2024-11-08 10:33:06.434929,19.99,FR
47,16,Stripe,USD,Success,,2024-12-06 10:33:06.434929,19.99,US
48,16,Stripe,USD,Success,,2025-01-10 10:33:06.434929,19.99,CA
49,17,PayPal,USD,Success,,2025-07-03 10:33:06.434929,19.99,DE
50,17,PayPal,USD,Success,,2025-08-06 10:33:06.434929,19.99,FR
51,18,PayPal,USD,Success,,2024-07-21 10:33:06.434929,9.99,FR
52,19,Apple Pay,USD,Success,,2025-02-17 10:33:06.434929,9.99,US
53,19,Stripe,USD,Success,,2025-03-23 10:33:06.434929,9.99,DE
54,19,Apple Pay,USD,Success,,2025-04-20 10:33:06.434929,9.99,FR
55,20,PayPal,USD,Success,,2025-02-13 10:33:06.434929,19.99,US
56,21,Stripe,USD,Success,,2024-03-04 10:33:06.434929,3.99,UK
57,22,PayPal,USD,Success,,2025-03-20 10:33:06.434929,3.99,UK
58,22,Stripe,USD,Success,,2025-04-18 10:33:06.434929,3.99,FR
59,22,PayPal,USD,Success,,2025-05-18 10:33:06.434929,3.99,FR
60,23,Stripe,USD,Success,,2025-01-23 10:33:06.434929,9.99,US
61,23,Apple Pay,USD,Success,,2025-02-22 10:33:06.434929,9.99,CA
62,23,Stripe,USD,Soft Decline,ERR_664,2025-03-29 10:33:06.434929,9.99,FR
63,23,Apple Pay,USD,Success,,2025-04-22 10:33:06.434929,9.99,DE
64,24,Stripe,USD,Success,,2024-07-05 10:33:06.434929,3.99,FR
65,24,Stripe,USD,Soft Decline,ERR_583,2024-08-08 10:33:06.434929,3.99,DE
66,24,PayPal,USD,Success,,2024-09-04 10:33:06.434929,3.99,UK
67,25,PayPal,USD,Success,,2024-10-18 10:33:06.434929,9.99,US
68,25,Stripe,USD,Success,,2024-11-16 10:33:06.434929,9.99,US
69,25,PayPal,USD,Success,,2024-12-11 10:33:06.434929,9.99,US
70,25,Stripe,USD,Success,,2025-01-09 10:33:06.434929,9.99,UK
71,25,PayPal,USD,Success,,2025-02-17 10:33:06.434929,9.99,FR
72,26,Stripe,USD,Success,,2024-08-25 10:33:06.434929,19.99,DE
73,26,Stripe,USD,Success,,2024-09-25 10:33:06.434929,19.99,FR
74,27,Apple Pay,USD,Success,,2025-09-14 10:33:06.434929,9.99,UK
75,27,Apple Pay,USD,Success,,2025-10-11 10:33:06.434929,9.99,DE
76,27,Stripe,USD,Success,,2025-11-10 10:33:06.434929,9.99,US
77,27,Stripe,USD,Success,,2025-12-18 10:33:06.434929,9.99,US
78,28,PayPal,USD,Hard Decline,ERR_884,2025-01-25 10:33:06.434929,9.99,DE
79,28,Stripe,USD,Success,,2025-02-28 10:33:06.434929,9.99,FR
80,28,Stripe,USD,Success,,2025-03-26 10:33:06.434929,9.99,CA
81,28,Stripe,USD,Success,,2025-04-29 10:33:06.434929,9.99,DE
82,28,Stripe,USD,Success,,2025-05-23 10:33:06.434929,9.99,FR
83,29,Apple Pay,USD,Success,,2025-05-20 10:33:06.434929,19.99,US
84,29,PayPal,USD,Soft Decline,ERR_199,2025-06-23 10:33:06.434929,19.99,DE
85,30,Apple Pay,USD,Success,,2024-05-08 10:33:06.434929,3.99,US
86,30,PayPal,USD,Success,,2024-06-08 10:33:06.434929,3.99,US
87,30,PayPal,USD,Success,,2024-07-13 10:33:06.434929,3.99,US
88,30,Apple Pay,USD,Success,,2024-08-07 10:33:06.434929,3.99,FR
89,30,Apple Pay,USD,Success,,2024-09-08 10:33:06.434929,3.99,US
90,31,Stripe,USD,Success,,2024-08-22 10:33:06.434929,9.99,US
91,31,PayPal,USD,Success,,2024-09-25 10:33:06.434929,9.99,US
92,31,PayPal,USD,Success,,2024-10-21 10:33:06.434929,9.99,FR
93,31,PayPal,USD,Success,,2024-11-24 10:33:06.434929,9.99,US
94,31,Apple Pay,USD,Success,,2024-12-15 10:33:06.434929,9.99,US
95,32,Apple Pay,USD,Success,,2025-06-20 10:33:06.434929,9.99,US
96,32,Stripe,USD,Success,,2025-07-16 10:33:06.434929,9.99,US
97,32,Stripe,USD,Success,,2025-08-16 10:33:06.434929,9.99,US
98,32,Apple Pay,USD,Success,,2025-09-13 10:33:06.434929,9.99,FR
99,32,Apple Pay,USD,Success,,2025-10-17 10:33:06.434929,9.99,DE
100,33,Apple Pay,USD,Success,,2025-06-16 10:33:06.434929,19.99,DE
101,33,Stripe,USD,Success,,2025-07-12 10:33:06.434929,19.99,US
102,33,Apple Pay,USD,Success,,2025-08-19 10:33:06.434929,19.99,US
103,33,PayPal,USD,Hard Decline,ERR_242,2025-09-16 10:33:06.434929,19.99,UK
104,33,Stripe,USD,Success,,2025-10-14 10:33:06.434929,19.99,US
105,34,PayPal,USD,Success,,2025-03-16 10:33:06.434929,3.99,UK
106,34,Apple Pay,USD,Success,,2025-04-11 10:33:06.434929,3.99,US
107,35,Apple Pay,USD,Success,,2025-05-20 10:33:06.434929,9.99,US
108,35,PayPal,USD,Soft Decline,ERR_341,2025-06-27 10:33:06.434929,9.99,DE
109,35,PayPal,USD,Success,,2025-07-20 10:33:06.434929,9.99,UK
110,36,PayPal,USD,Success,,2024-03-02 10:33:06.434929,19.99,US
111,37,PayPal,USD,Hard Decline,ERR_673,2024-10-30 10:33:06.434929,9.99,FR
112,37,Stripe,USD,Success,,2024-11-26 10:33:06.434929,9.99,UK
113,38,Stripe,USD,Success,,2025-05-19 10:33:06.434929,19.99,US
114,38,Apple Pay,USD,Success,,2025-06-13 10:33:06.434929,19.99,UK
115,38,PayPal,USD,Success,,2025-07-18 10:33:06.434929,19.99,UK
116,39,Stripe,USD,Success,,2024-01-24 10:33:06.434929,3.99,UK
117,39,Stripe,USD,Success,,2024-02-15 10:33:06.434929,3.99,DE
118,39,Apple Pay,USD,Success,,2024-03-24 10:33:06.434929,3.99,DE
119,40,Stripe,USD,Success,,2025-03-15 10:33:06.434929,3.99,CA
120,40,Stripe,USD,Success,,2025-04-14 10:33:06.434929,3.99,UK
121,40,PayPal,USD,Success,,2025-05-16 10:33:06.434929,3.99,DE
122,40,PayPal,USD,Success,,2025-06-15 10:33:06.434929,3.99,UK
123,40,PayPal,USD,Success,,2025-07-20 10:33:06.434929,3.99,US
124,41,Stripe,USD,Success,,2025-11-23 10:33:06.434929,3.99,FR
125,41,PayPal,USD,Success,,2025-12-21 10:33:06.434929,3.99,US
126,41,Stripe,USD,Success,,2026-01-17 10:33:06.434929,3.99,FR
127,41,Stripe,USD,Soft Decline,ERR_346,2026-02-21 10:33:06.434929,3.99,CA
128,42,PayPal,USD,Success,,2025-06-06 10:33:06.434929,3.99,US
129,42,Stripe,USD,Success,,2025-07-09 10:33:06.434929,3.99,US
130,42,Stripe,USD,Success,,2025-08-11 10:33:06.434929,3.99,FR
131,43,Stripe,USD,Success,,2024-07-26 10:33:06.434929,9.99,FR
132,43,Apple Pay,USD,Success,,2024-08-22 10:33:06.434929,9.99,US
133,43,PayPal,USD,Success,,2024-09-30 10:33:06.434929,9.99,US
134,43,Apple Pay,USD,Success,,2024-10-21 10:33:06.434929,9.99,US
135,44,Stripe,USD,Success,,2025-08-06 10:33:06.434929,9.99,UK
136,44,Apple Pay,USD,Success,,2025-09-04 10:33:06.434929,9.99,US
137,44,Apple Pay,USD,Soft Decline,ERR_651,2025-10-08 10:33:06.434929,9.99,UK
138,44,Apple Pay,USD,Success,,2025-11-04 10:33:06.434929,9.99,UK
139,44,Stripe,USD,Success,,2025-12-08 10:33:06.434929,9.99,FR
140,45,Stripe,USD,Success,,2024-07-15 10:33:06.434929,3.99,FR
141,45,Apple Pay,USD,Success,,2024-08-06 10:33:06.434929,3.99,FR
142,45,PayPal,USD,Success,,2024-09-08 10:33:06.434929,3.99,DE
143,45,Stripe,USD,Success,,2024-10-07 10:33:06.434929,3.99,US
144,46,Stripe,USD,Soft Decline,ERR_280,2025-02-10 10:33:06.434929,3.99,FR
145,46,Stripe,USD,Success,,2025-03-14 10:33:06.434929,3.99,US
146,46,Stripe,USD,Hard Decline,ERR_184,2025-04-13 10:33:06.434929,3.99,US
147,46,Stripe,USD,Soft Decline,ERR_943,2025-05-07 10:33:06.434929,3.99,US
148,47,Stripe,USD,Success,,2024-07-31 10:33:06.434929,3.99,US
149,47,Apple Pay,USD,Success,,2024-08-26 10:33:06.434929,3.99,US
150,47,Stripe,USD,Success,,2024-09-26 10:33:06.434929,3.99,FR
151,47,PayPal,USD,Success,,2024-10-26 10:33:06.434929,3.99,US
152,48,Stripe,USD,Success,,2025-12-06 10:33:06.434929,9.99,UK
153,48,Stripe,USD,Hard Decline,ERR_604,2025-12-27 10:33:06.434929,9.99,US
154,49,PayPal,USD,Success,,2025-06-16 10:33:06.434929,3.99,FR
155,49,Apple Pay,USD,Success,,2025-07-16 10:33:06.434929,3.99,UK
156,49,PayPal,USD,Success,,2025-08-08 10:33:06.434929,3.99,UK
157,49,Stripe,USD,Success,,2025-09-06 10:33:06.434929,3.99,FR
158,50,Stripe,USD,Success,,2025-02-28 10:33:06.434929,3.99,US
159,51,Stripe,USD,Success,,2024-05-11 10:33:06.434929,3.99,FR
160,51,Stripe,USD,Success,,2024-06-13 10:33:06.434929,3.99,UK
161,51,PayPal,USD,Success,,2024-07-10 10:33:06.434929,3.99,US
162,51,Stripe,USD,Success,,2024-08-08 10:33:06.434929,3.99,FR
163,52,Stripe,USD,Success,,2025-04-21 10:33:06.434929,19.99,DE
164,53,Apple Pay,USD,Success,,2024-07-06 10:33:06.434929,3.99,US
165,53,Stripe,USD,Success,,2024-07-31 10:33:06.434929,3.99,US
166,53,Stripe,USD,Hard Decline,ERR_654,2024-09-01 10:33:06.434929,3.99,FR
167,54,Stripe,USD,Success,,2024-04-06 10:33:06.434929,19.99,FR
168,54,Stripe,USD,Success,,2024-05-11 10:33:06.434929,19.99,DE
169,54,Apple Pay,USD,Soft Decline,ERR_278,2024-06-04 10:33:06.434929,19.99,US
170,55,Stripe,USD,Success,,2025-10-01 10:33:06.434929,19.99,US
171,55,Stripe,USD,Soft Decline,ERR_945,2025-10-31 10:33:06.434929,19.99,DE
172,55,Stripe,USD,Success,,2025-12-07 10:33:06.434929,19.99,UK
173,55,Stripe,USD,Success,,2026-01-01 10:33:06.434929,19.99,US
174,56,PayPal,USD,Success,,2025-09-26 10:33:06.434929,3.99,DE
175,56,PayPal,USD,Success,,2025-11-01 10:33:06.434929,3.99,US
176,56,Stripe,USD,Success,,2025-12-02 10:33:06.434929,3.99,CA
177,56,Apple Pay,USD,Success,,2026-01-03 10:33:06.434929,3.99,US
178,57,PayPal,USD,Hard Decline,ERR_181,2025-11-15 10:33:06.434929,19.99,DE
179,57,PayPal,USD,Success,,2025-12-19 10:33:06.434929,19.99,US
180,58,PayPal,USD,Success,,2025-07-23 10:33:06.434929,3.99,DE
181,58,Apple Pay,USD,Success,,2025-08-20 10:33:06.434929,3.99,DE
182,58,Apple Pay,USD,Success,,2025-09-18 10:33:06.434929,3.99,US
183,59,Stripe,USD,Success,,2024-04-26 10:33:06.434929,9.99,US
184,60,Apple Pay,USD,Success,,2025-09-04 10:33:06.434929,9.99,US
185,60,PayPal,USD,Success,,2025-10-09 10:33:06.434929,9.99,UK
186,61,Stripe,USD,Success,,2024-09-08 10:33:06.434929,9.99,US
187,61,Stripe,USD,Success,,2024-10-07 10:33:06.434929,9.99,CA
188,61,Stripe,USD,Soft Decline,ERR_347,2024-11-09 10:33:06.434929,9.99,UK
189,62,PayPal,USD,Success,,2025-09-16 10:33:06.434929,9.99,US
190,62,Stripe,USD,Success,,2025-10-14 10:33:06.434929,9.99,CA
191,63,Stripe,USD,Success,,2024-05-19 10:33:06.434929,19.99,DE
192,63,Stripe,USD,Success,,2024-06-15 10:33:06.434929,19.99,UK
193,63,Stripe,USD,Soft Decline,ERR_508,2024-07-12 10:33:06.434929,19.99,UK
194,64,Apple Pay,USD,Success,,2025-06-23 10:33:06.434929,3.99,US
195,64,PayPal,USD,Success,,2025-07-23 10:33:06.434929,3.99,US
196,64,Apple Pay,USD,Success,,2025-08-20 10:33:06.434929,3.99,DE
197,64,Stripe,USD,Success,,2025-09-13 10:33:06.434929,3.99,US
198,64,Stripe,USD,Success,,2025-10-20 10:33:06.434929,3.99,US
199,65,Stripe,USD,Success,,2025-01-07 10:33:06.434929,3.99,FR
200,66,PayPal,USD,Soft Decline,ERR_785,2024-02-02 10:33:06.434929,3.99,US
201,66,PayPal,USD,Success,,2024-03-05 10:33:06.434929,3.99,UK
202,66,Stripe,USD,Success,,2024-04-01 10:33:06.434929,3.99,US
203,67,Apple Pay,USD,Success,,2024-02-18 10:33:06.434929,9.99,CA
204,67,PayPal,USD,Success,,2024-03-15 10:33:06.434929,9.99,UK
205,67,PayPal,USD,Success,,2024-04-19 10:33:06.434929,9.99,UK
206,68,Apple Pay,USD,Success,,2025-12-07 10:33:06.434929,9.99,US
207,68,PayPal,USD,Success,,2026-01-06 10:33:06.434929,9.99,UK
208,68,Stripe,USD,Success,,2026-02-07 10:33:06.434929,9.99,UK
209,68,Stripe,USD,Soft Decline,ERR_922,2026-03-13 10:33:06.434929,9.99,DE
210,69,Stripe,USD,Success,,2025-10-01 10:33:06.434929,3.99,US
211,69,Apple Pay,USD,Success,,2025-10-27 10:33:06.434929,3.99,DE
212,70,Apple Pay,USD,Success,,2024-04-03 10:33:06.434929,9.99,US
213,70,Stripe,USD,Success,,2024-05-07 10:33:06.434929,9.99,DE
214,70,PayPal,USD,Success,,2024-06-08 10:33:06.434929,9.99,US
215,71,Stripe,USD,Success,,2025-02-24 10:33:06.434929,3.99,US
216,71,Apple Pay,USD,Success,,2025-03-23 10:33:06.434929,3.99,US
217,71,PayPal,USD,Success,,2025-04-24 10:33:06.434929,3.99,FR
218,71,Apple Pay,USD,Success,,2025-05-28 10:33:06.434929,3.99,DE
219,71,Stripe,USD,Success,,2025-06-29 10:33:06.434929,3.99,UK
220,72,Stripe,USD,Success,,2024-03-27 10:33:06.434929,3.99,US
221,72,PayPal,USD,Soft Decline,ERR_719,2024-04-30 10:33:06.434929,3.99,UK
222,72,Stripe,USD,Success,,2024-05-28 10:33:06.434929,3.99,UK
223,72,Stripe,USD,Soft Decline,ERR_214,2024-07-01 10:33:06.434929,3.99,US
224,72,Stripe,USD,Success,,2024-07-30 10:33:06.434929,3.99,US
225,73,Apple Pay,USD,Success,,2024-03-10 10:33:06.434929,3.99,DE
226,73,Stripe,USD,Success,,2024-04-12 10:33:06.434929,3.99,UK
227,73,PayPal,USD,Success,,2024-05-13 10:33:06.434929,3.99,US
228,74,PayPal,USD,Success,,2025-01-09 10:33:06.434929,3.99,US
229,74,Apple Pay,USD,Success,,2025-02-06 10:33:06.434929,3.99,UK
230,75,Stripe,USD,Success,,2024-03-31 10:33:06.434929,3.99,FR
231,75,Apple Pay,USD,Success,,2024-05-06 10:33:06.434929,3.99,FR
232,76,Stripe,USD,Success,,2025-07-03 10:33:06.434929,3.99,FR
233,77,Stripe,USD,Success,,2025-04-01 10:33:06.434929,3.99,DE
234,77,Stripe,USD,Success,,2025-04-29 10:33:06.434929,3.99,FR
235,77,Stripe,USD,Success,,2025-05-30 10:33:06.434929,3.99,FR
236,78,Stripe,USD,Success,,2025-02-09 10:33:06.434929,9.99,UK
237,78,PayPal,USD,Success,,2025-03-13 10:33:06.434929,9.99,US
238,78,Apple Pay,USD,Success,,2025-04-09 10:33:06.434929,9.99,US
239,79,Stripe,USD,Success,,2025-09-17 10:33:06.434929,3.99,US
240,79,Apple Pay,USD,Success,,2025-10-19 10:33:06.434929,3.99,UK
241,79,Stripe,USD,Success,,2025-11-15 10:33:06.434929,3.99,US
242,79,Stripe,USD,Success,,2025-12-19 10:33:06.434929,3.99,DE
243,80,Stripe,USD,Success,,2025-01-15 10:33:06.434929,3.99,US
244,80,PayPal,USD,Success,,2025-02-14 10:33:06.434929,3.99,US
245,81,PayPal,USD,Success,,2025-02-16 10:33:06.434929,9.99,US
246,82,PayPal,USD,Success,,2025-02-05 10:33:06.434929,9.99,DE
247,82,Stripe,USD,Success,,2025-03-10 10:33:06.434929,9.99,US
248,83,PayPal,USD,Success,,2025-07-16 10:33:06.434929,9.99,UK
249,83,PayPal,USD,Soft Decline,ERR_569,2025-08-24 10:33:06.434929,9.99,FR
250,84,PayPal,USD,Success,,2024-07-26 10:33:06.434929,3.99,US
251,84,Stripe,USD,Success,,2024-08-23 10:33:06.434929,3.99,US
252,84,Stripe,USD,Success,,2024-09-24 10:33:06.434929,3.99,US
253,85,PayPal,USD,Success,,2024-10-13 10:33:06.434929,19.99,FR
254,85,PayPal,USD,Success,,2024-11-15 10:33:06.434929,19.99,DE
255,86,Apple Pay,USD,Success,,2025-09-17 10:33:06.434929,19.99,UK
256,86,Stripe,USD,Success,,2025-10-20 10:33:06.434929,19.99,FR
257,86,Apple Pay,USD,Success,,2025-11-19 10:33:06.434929,19.99,FR
258,86,Stripe,USD,Success,,2025-12-25 10:33:06.434929,19.99,UK
259,86,Stripe,USD,Success,,2026-01-15 10:33:06.434929,19.99,UK
260,87,Apple Pay,USD,Success,,2025-11-02 10:33:06.434929,9.99,FR
261,87,Apple Pay,USD,Soft Decline,ERR_843,2025-12-06 10:33:06.434929,9.99,DE
262,87,Apple Pay,USD,Hard Decline,ERR_357,2026-01-03 10:33:06.434929,9.99,DE
263,88,Apple Pay,USD,Success,,2024-10-18 10:33:06.434929,19.99,FR
264,89,Stripe,USD,Success,,2025-11-04 10:33:06.434929,9.99,UK
265,89,Apple Pay,USD,Hard Decline,ERR_598,2025-11-25 10:33:06.434929,9.99,UK
266,89,Stripe,USD,Success,,2025-12-29 10:33:06.434929,9.99,FR
267,89,Stripe,USD,Success,,2026-01-25 10:33:06.434929,9.99,US
268,90,PayPal,USD,Success,,2024-04-29 10:33:06.434929,3.99,FR
269,90,Stripe,USD,Success,,2024-05-29 10:33:06.434929,3.99,DE
270,90,PayPal,USD,Success,,2024-06-21 10:33:06.434929,3.99,US
271,91,Stripe,USD,Soft Decline,ERR_794,2025-03-30 10:33:06.434929,19.99,DE
272,91,Apple Pay,USD,Hard Decline,ERR_857,2025-05-01 10:33:06.434929,19.99,FR
273,91,PayPal,USD,Soft Decline,ERR_387,2025-05-30 10:33:06.434929,19.99,UK
274,91,Apple Pay,USD,Success,,2025-06-27 10:33:06.434929,19.99,US
275,92,Stripe,USD,Success,,2025-03-01 10:33:06.434929,3.99,DE
276,92,Stripe,USD,Success,,2025-04-04 10:33:06.434929,3.99,US
277,92,Stripe,USD,Success,,2025-05-02 10:33:06.434929,3.99,DE
278,93,Stripe,USD,Success,,2025-05-05 10:33:06.434929,19.99,US
279,93,PayPal,USD,Success,,2025-06-04 10:33:06.434929,19.99,FR
280,94,Stripe,USD,Success,,2025-07-22 10:33:06.434929,3.99,UK
281,94,Stripe,USD,Success,,2025-08-17 10:33:06.434929,3.99,CA
282,94,Stripe,USD,Success,,2025-09-24 10:33:06.434929,3.99,UK
283,94,Stripe,USD,Success,,2025-10-18 10:33:06.434929,3.99,US
284,95,PayPal,USD,Success,,2024-04-17 10:33:06.434929,19.99,UK
285,95,PayPal,USD,Success,,2024-05-21 10:33:06.434929,19.99,US
286,95,Stripe,USD,Hard Decline,ERR_333,2024-06-21 10:33:06.434929,19.99,DE
287,95,Apple Pay,USD,Success,,2024-07-19 10:33:06.434929,19.99,FR
288,96,Stripe,USD,Success,,2025-07-09 10:33:06.434929,3.99,DE
289,96,Stripe,USD,Soft Decline,ERR_622,2025-08-11 10:33:06.434929,3.99,FR
290,96,Stripe,USD,Success,,2025-09-07 10:33:06.434929,3.99,UK
291,96,Stripe,USD,Soft Decline,ERR_882,2025-10-06 10:33:06.434929,3.99,US
292,97,Apple Pay,USD,Success,,2025-01-10 10:33:06.434929,3.99,UK
293,97,Stripe,USD,Success,,2025-02-12 10:33:06.434929,3.99,DE
294,97,Stripe,USD,Success,,2025-03-14 10:33:06.434929,3.99,US
295,98,Apple Pay,USD,Success,,2025-08-29 10:33:06.434929,19.99,US
296,98,Stripe,USD,Soft Decline,ERR_570,2025-09-30 10:33:06.434929,19.99,US
297,98,PayPal,USD,Success,,2025-10-31 10:33:06.434929,19.99,US
298,98,Stripe,USD,Success,,2025-11-29 10:33:06.434929,19.99,US
299,98,Stripe,USD,Success,,2025-12-30 10:33:06.434929,19.99,US
300,99,Stripe,USD,Success,,2024-07-02 10:33:06.434929,3.99,UK
301,100,PayPal,USD,Success,,2025-08-18 10:33:06.434929,3.99,FR
302,100,PayPal,USD,Success,,2025-09-18 10:33:06.434929,3.99,FR
303,100,Apple Pay,USD,Success,,2025-10-09 10:33:06.434929,3.99,US
304,101,Stripe,USD,Success,,2024-10-06 10:33:06.434929,3.99,FR
305,101,PayPal,USD,Success,,2024-11-03 10:33:06.434929,3.99,US
306,102,Apple Pay,USD,Success,,2024-11-24 10:33:06.434929,19.99,FR
307,102,PayPal,USD,Success,,2024-12-16 10:33:06.434929,19.99,UK
308,102,Stripe,USD,Soft Decline,ERR_650,2025-01-24 10:33:06.434929,19.99,CA
309,103,Stripe,USD,Success,,2025-05-01 10:33:06.434929,19.99,US
310,103,PayPal,USD,Soft Decline,ERR_521,2025-05-28 10:33:06.434929,19.99,CA
311,103,PayPal,USD,Success,,2025-07-03 10:33:06.434929,19.99,US
312,104,PayPal,USD,Success,,2025-11-14 10:33:06.434929,3.99,US
313,104,Stripe,USD,Success,,2025-12-17 10:33:06.434929,3.99,US
314,104,PayPal,USD,Success,,2026-01-22 10:33:06.434929,3.99,FR
315,105,PayPal,USD,Success,,2025-06-01 10:33:06.434929,3.99,FR
316,105,PayPal,USD,Success,,2025-06-27 10:33:06.434929,3.99,US
317,105,Apple Pay,USD,Success,,2025-07-29 10:33:06.434929,3.99,US
318,106,PayPal,USD,Success,,2024-06-13 10:33:06.434929,19.99,US
319,106,PayPal,USD,Success,,2024-07-12 10:33:06.434929,19.99,FR
320,106,Apple Pay,USD,Success,,2024-08-03 10:33:06.434929,19.99,US
321,107,Stripe,USD,Success,,2025-04-26 10:33:06.434929,19.99,DE
322,107,Apple Pay,USD,Success,,2025-05-24 10:33:06.434929,19.99,UK
323,108,Stripe,USD,Success,,2025-04-14 10:33:06.434929,3.99,FR
324,108,Stripe,USD,Success,,2025-05-16 10:33:06.434929,3.99,US
325,108,Stripe,USD,Success,,2025-06-08 10:33:06.434929,3.99,UK
326,108,Stripe,USD,Success,,2025-07-15 10:33:06.434929,3.99,US
327,108,Stripe,USD,Success,,2025-08-06 10:33:06.434929,3.99,US
328,109,PayPal,USD,Success,,2025-10-29 10:33:06.434929,3.99,FR
329,109,Stripe,USD,Soft Decline,ERR_713,2025-12-05 10:33:06.434929,3.99,US
330,109,PayPal,USD,Success,,2025-12-30 10:33:06.434929,3.99,US
331,110,Apple Pay,USD,Success,,2025-01-02 10:33:06.434929,3.99,DE
332,110,PayPal,USD,Success,,2025-01-27 10:33:06.434929,3.99,DE
333,110,Apple Pay,USD,Success,,2025-03-03 10:33:06.434929,3.99,CA
334,111,Stripe,USD,Success,,2025-04-05 10:33:06.434929,9.99,US
335,111,PayPal,USD,Success,,2025-05-11 10:33:06.434929,9.99,UK
336,111,Apple Pay,USD,Success,,2025-06-04 10:33:06.434929,9.99,US
337,112,Apple Pay,USD,Success,,2025-05-26 10:33:06.434929,19.99,US
338,112,Apple Pay,USD,Success,,2025-06-25 10:33:06.434929,19.99,CA
339,112,Stripe,USD,Soft Decline,ERR_236,2025-07-19 10:33:06.434929,19.99,US
340,113,Stripe,USD,Success,,2024-11-18 10:33:06.434929,9.99,CA
341,113,Stripe,USD,Success,,2024-12-13 10:33:06.434929,9.99,DE
342,113,Stripe,USD,Success,,2025-01-19 10:33:06.434929,9.99,US
343,113,PayPal,USD,Success,,2025-02-16 10:33:06.434929,9.99,US
344,114,Stripe,USD,Success,,2024-01-26 10:33:06.434929,19.99,UK
345,114,Apple Pay,USD,Soft Decline,ERR_186,2024-02-18 10:33:06.434929,19.99,US
346,114,PayPal,USD,Success,,2024-03-18 10:33:06.434929,19.99,CA
347,115,Apple Pay,USD,Soft Decline,ERR_568,2024-06-02 10:33:06.434929,19.99,DE
348,115,PayPal,USD,Success,,2024-06-24 10:33:06.434929,19.99,CA
349,115,PayPal,USD,Success,,2024-07-27 10:33:06.434929,19.99,UK
350,115,Apple Pay,USD,Success,,2024-09-01 10:33:06.434929,19.99,US
351,115,Apple Pay,USD,Success,,2024-09-28 10:33:06.434929,19.99,FR
352,116,Stripe,USD,Success,,2024-04-10 10:33:06.434929,19.99,US
353,116,PayPal,USD,Success,,2024-05-09 10:33:06.434929,19.99,US
354,116,Stripe,USD,Success,,2024-06-06 10:33:06.434929,19.99,CA
355,117,PayPal,USD,Success,,2024-11-14 10:33:06.434929,19.99,DE
356,117,PayPal,USD,Success,,2024-12-12 10:33:06.434929,19.99,US
357,117,PayPal,USD,Success,,2025-01-18 10:33:06.434929,19.99,UK
358,117,PayPal,USD,Success,,2025-02-13 10:33:06.434929,19.99,US
359,117,Stripe,USD,Success,,2025-03-19 10:33:06.434929,19.99,US
360,118,Stripe,USD,Success,,2024-09-03 10:33:06.434929,19.99,US
361,118,PayPal,USD,Success,,2024-09-25 10:33:06.434929,19.99,US
362,118,Stripe,USD,Success,,2024-10-29 10:33:06.434929,19.99,FR
363,118,Stripe,USD,Success,,2024-12-01 10:33:06.434929,19.99,UK
364,119,Stripe,USD,Success,,2024-02-04 10:33:06.434929,19.99,CA
365,119,Stripe,USD,Success,,2024-03-07 10:33:06.434929,19.99,FR
366,119,PayPal,USD,Success,,2024-04-09 10:33:06.434929,19.99,US
367,119,Stripe,USD,Soft Decline,ERR_669,2024-05-11 10:33:06.434929,19.99,DE
368,119,Apple Pay,USD,Success,,2024-06-11 10:33:06.434929,19.99,US
369,120,PayPal,USD,Hard Decline,ERR_625,2025-07-16 10:33:06.434929,19.99,FR
370,120,Stripe,USD,Success,,2025-08-20 10:33:06.434929,19.99,DE
371,120,Stripe,USD,Success,,2025-09-15 10:33:06.434929,19.99,UK
372,121,Stripe,USD,Success,,2024-07-29 10:33:06.434929,9.99,FR
373,121,Stripe,USD,Success,,2024-08-22 10:33:06.434929,9.99,UK
374,122,Stripe,USD,Success,,2025-06-02 10:33:06.434929,3.99,US
375,122,Stripe,USD,Success,,2025-07-01 10:33:06.434929,3.99,FR
376,123,Apple Pay,USD,Success,,2024-03-15 10:33:06.434929,3.99,US
377,123,Apple Pay,USD,Success,,2024-04-15 10:33:06.434929,3.99,CA
378,123,Stripe,USD,Success,,2024-05-11 10:33:06.434929,3.99,US
379,124,PayPal,USD,Success,,2024-01-20 10:33:06.434929,9.99,UK
380,124,Stripe,USD,Success,,2024-02-15 10:33:06.434929,9.99,FR
381,125,PayPal,USD,Success,,2025-10-31 10:33:06.434929,9.99,UK
382,125,Stripe,USD,Success,,2025-12-04 10:33:06.434929,9.99,CA
383,126,PayPal,USD,Success,,2024-02-14 10:33:06.434929,9.99,DE
384,126,Stripe,USD,Success,,2024-03-16 10:33:06.434929,9.99,FR
385,126,Apple Pay,USD,Success,,2024-04-19 10:33:06.434929,9.99,UK
386,127,PayPal,USD,Success,,2024-05-28 10:33:06.434929,9.99,DE
387,127,Stripe,USD,Success,,2024-06-18 10:33:06.434929,9.99,US
388,127,Stripe,USD,Success,,2024-07-27 10:33:06.434929,9.99,US
389,128,Stripe,USD,Success,,2024-12-04 10:33:06.434929,19.99,FR
390,129,Stripe,USD,Success,,2024-06-29 10:33:06.434929,3.99,FR
391,129,PayPal,USD,Success,,2024-07-29 10:33:06.434929,3.99,US
392,130,Apple Pay,USD,Success,,2024-04-04 10:33:06.434929,19.99,US
393,130,Stripe,USD,Soft Decline,ERR_153,2024-05-01 10:33:06.434929,19.99,US
394,130,Apple Pay,USD,Success,,2024-05-30 10:33:06.434929,19.99,DE
395,131,Stripe,USD,Success,,2024-11-26 10:33:06.434929,3.99,CA
396,132,PayPal,USD,Success,,2025-06-04 10:33:06.434929,3.99,US
397,132,PayPal,USD,Success,,2025-07-01 10:33:06.434929,3.99,US
398,133,Stripe,USD,Success,,2025-11-05 10:33:06.434929,9.99,US
399,133,Stripe,USD,Soft Decline,ERR_895,2025-12-12 10:33:06.434929,9.99,US
400,133,Stripe,USD,Success,,2026-01-08 10:33:06.434929,9.99,FR
401,133,Stripe,USD,Success,,2026-02-06 10:33:06.434929,9.99,US
402,134,PayPal,USD,Success,,2025-11-30 10:33:06.434929,19.99,FR
403,134,Stripe,USD,Success,,2026-01-02 10:33:06.434929,19.99,US
404,134,Stripe,USD,Success,,2026-01-29 10:33:06.434929,19.99,US
405,134,Stripe,USD,Success,,2026-03-02 10:33:06.434929,19.99,DE
406,135,Apple Pay,USD,Success,,2025-05-12 10:33:06.434929,9.99,FR
407,135,Stripe,USD,Success,,2025-06-09 10:33:06.434929,9.99,DE
408,135,Apple Pay,USD,Success,,2025-07-09 10:33:06.434929,9.99,DE
409,135,Stripe,USD,Success,,2025-08-08 10:33:06.434929,9.99,DE
410,135,Stripe,USD,Success,,2025-09-08 10:33:06.434929,9.99,CA
411,136,PayPal,USD,Success,,2025-07-15 10:33:06.434929,19.99,US
412,136,PayPal,USD,Success,,2025-08-14 10:33:06.434929,19.99,UK
413,136,PayPal,USD,Hard Decline,ERR_286,2025-09-06 10:33:06.434929,19.99,UK
414,136,PayPal,USD,Success,,2025-10-05 10:33:06.434929,19.99,UK
415,136,PayPal,USD,Soft Decline,ERR_228,2025-11-09 10:33:06.434929,19.99,US
416,137,PayPal,USD,Success,,2024-11-11 10:33:06.434929,3.99,US
417,137,Apple Pay,USD,Soft Decline,ERR_420,2024-12-08 10:33:06.434929,3.99,DE
418,137,Stripe,USD,Success,,2025-01-11 10:33:06.434929,3.99,FR
419,137,Apple Pay,USD,Success,,2025-02-08 10:33:06.434929,3.99,DE
420,137,PayPal,USD,Success,,2025-03-10 10:33:06.434929,3.99,UK
421,138,PayPal,USD,Success,,2025-05-04 10:33:06.434929,9.99,UK
422,138,Stripe,USD,Success,,2025-06-08 10:33:06.434929,9.99,UK
423,139,PayPal,USD,Success,,2025-10-10 10:33:06.434929,9.99,DE
424,139,Stripe,USD,Success,,2025-11-06 10:33:06.434929,9.99,US
425,140,Stripe,USD,Hard Decline,ERR_700,2024-06-13 10:33:06.434929,3.99,CA
426,140,Stripe,USD,Success,,2024-07-12 10:33:06.434929,3.99,DE
427,141,Stripe,USD,Success,,2024-11-14 10:33:06.434929,3.99,FR
428,142,Stripe,USD,Success,,2024-07-10 10:33:06.434929,3.99,DE
429,142,Apple Pay,USD,Success,,2024-08-07 10:33:06.434929,3.99,UK
430,142,Stripe,USD,Success,,2024-09-11 10:33:06.434929,3.99,US
431,143,Apple Pay,USD,Success,,2025-11-25 10:33:06.434929,9.99,UK
432,143,Apple Pay,USD,Soft Decline,ERR_121,2025-12-25 10:33:06.434929,9.99,UK
433,144,Stripe,USD,Success,,2024-11-04 10:33:06.434929,19.99,FR
434,144,Stripe,USD,Soft Decline,ERR_579,2024-12-04 10:33:06.434929,19.99,FR
435,144,PayPal,USD,Success,,2025-01-04 10:33:06.434929,19.99,UK
436,144,Apple Pay,USD,Success,,2025-02-04 10:33:06.434929,19.99,FR
437,144,Apple Pay,USD,Success,,2025-03-07 10:33:06.434929,19.99,CA
438,145,Apple Pay,USD,Success,,2025-01-16 10:33:06.434929,9.99,DE
439,145,Stripe,USD,Success,,2025-02-14 10:33:06.434929,9.99,UK
440,145,Apple Pay,USD,Success,,2025-03-21 10:33:06.434929,9.99,FR
441,145,PayPal,USD,Success,,2025-04-18 10:33:06.434929,9.99,US
442,146,Apple Pay,USD,Success,,2025-07-26 10:33:06.434929,19.99,US
443,147,Stripe,USD,Success,,2025-10-08 10:33:06.434929,9.99,FR
444,148,Apple Pay,USD,Soft Decline,ERR_657,2024-07-14 10:33:06.434929,9.99,UK
445,148,Stripe,USD,Success,,2024-08-17 10:33:06.434929,9.99,UK
446,148,Stripe,USD,Success,,2024-09-10 10:33:06.434929,9.99,US
447,149,Stripe,USD,Success,,2025-12-08 10:33:06.434929,3.99,UK
448,149,Apple Pay,USD,Success,,2026-01-08 10:33:06.434929,3.99,UK
449,149,PayPal,USD,Success,,2026-02-09 10:33:06.434929,3.99,DE
450,150,Stripe,USD,Success,,2025-08-17 10:33:06.434929,19.99,FR
451,151,PayPal,USD,Success,,2024-06-10 10:33:06.434929,9.99,UK
452,151,PayPal,USD,Success,,2024-07-10 10:33:06.434929,9.99,UK
453,151,Apple Pay,USD,Success,,2024-08-10 10:33:06.434929,9.99,CA
454,152,Apple Pay,USD,Success,,2025-09-14 10:33:06.434929,9.99,UK
455,152,Stripe,USD,Success,,2025-10-07 10:33:06.434929,9.99,US
456,152,Apple Pay,USD,Success,,2025-11-13 10:33:06.434929,9.99,UK
457,153,Stripe,USD,Soft Decline,ERR_458,2024-09-11 10:33:06.434929,3.99,UK
458,153,PayPal,USD,Success,,2024-10-14 10:33:06.434929,3.99,US
459,153,Stripe,USD,Soft Decline,ERR_699,2024-11-07 10:33:06.434929,3.99,CA
460,154,Apple Pay,USD,Success,,2024-12-03 10:33:06.434929,3.99,DE
461,154,Stripe,USD,Success,,2024-12-28 10:33:06.434929,3.99,US
462,154,Stripe,USD,Success,,2025-02-04 10:33:06.434929,3.99,UK
463,154,Stripe,USD,Success,,2025-03-06 10:33:06.434929,3.99,US
464,154,Stripe,USD,Success,,2025-03-31 10:33:06.434929,3.99,UK
465,155,Stripe,USD,Success,,2025-10-08 10:33:06.434929,19.99,FR
466,155,PayPal,USD,Success,,2025-11-06 10:33:06.434929,19.99,DE
467,155,Stripe,USD,Success,,2025-12-09 10:33:06.434929,19.99,FR
468,156,Apple Pay,USD,Success,,2024-07-14 10:33:06.434929,9.99,US
469,156,PayPal,USD,Success,,2024-08-16 10:33:06.434929,9.99,US
470,157,Stripe,USD,Success,,2024-09-05 10:33:06.434929,19.99,DE
471,157,Stripe,USD,Success,,2024-10-05 10:33:06.434929,19.99,US
472,157,Stripe,USD,Success,,2024-11-01 10:33:06.434929,19.99,US
473,158,PayPal,USD,Success,,2025-03-12 10:33:06.434929,9.99,US
474,158,Stripe,USD,Success,,2025-04-12 10:33:06.434929,9.99,US
475,158,PayPal,USD,Success,,2025-05-07 10:33:06.434929,9.99,US
476,158,Stripe,USD,Success,,2025-06-09 10:33:06.434929,9.99,US
477,158,Apple Pay,USD,Success,,2025-07-04 10:33:06.434929,9.99,FR
478,159,Stripe,USD,Success,,2025-11-14 10:33:06.434929,19.99,CA
479,159,PayPal,USD,Success,,2025-12-17 10:33:06.434929,19.99,US
480,159,Stripe,USD,Success,,2026-01-12 10:33:06.434929,19.99,CA
481,160,PayPal,USD,Success,,2024-09-25 10:33:06.434929,3.99,DE
482,160,Stripe,USD,Hard Decline,ERR_858,2024-10-31 10:33:06.434929,3.99,US
483,161,PayPal,USD,Success,,2024-12-16 10:33:06.434929,9.99,US
484,161,Stripe,USD,Success,,2025-01-16 10:33:06.434929,9.99,UK
485,161,Stripe,USD,Success,,2025-02-15 10:33:06.434929,9.99,US
486,162,Stripe,USD,Success,,2024-07-02 10:33:06.434929,19.99,UK
487,162,Apple Pay,USD,Success,,2024-08-05 10:33:06.434929,19.99,DE
488,163,Stripe,USD,Success,,2024-05-17 10:33:06.434929,3.99,CA
489,164,PayPal,USD,Success,,2025-09-01 10:33:06.434929,3.99,US
490,164,PayPal,USD,Success,,2025-10-03 10:33:06.434929,3.99,UK
491,164,Stripe,USD,Success,,2025-11-07 10:33:06.434929,3.99,DE
492,164,Stripe,USD,Success,,2025-11-30 10:33:06.434929,3.99,US
493,165,Stripe,USD,Success,,2024-12-30 10:33:06.434929,19.99,US
494,165,Stripe,USD,Success,,2025-01-30 10:33:06.434929,19.99,US
495,165,PayPal,USD,Success,,2025-02-25 10:33:06.434929,19.99,UK
496,165,Apple Pay,USD,Success,,2025-04-02 10:33:06.434929,19.99,US
497,166,PayPal,USD,Soft Decline,ERR_527,2024-02-14 10:33:06.434929,9.99,US
498,166,Stripe,USD,Success,,2024-03-14 10:33:06.434929,9.99,US
499,167,PayPal,USD,Success,,2024-09-11 10:33:06.434929,9.99,US
500,168,Apple Pay,USD,Success,,2024-11-17 10:33:06.434929,3.99,US
501,168,Stripe,USD,Success,,2024-12-13 10:33:06.434929,3.99,US
502,168,Stripe,USD,Success,,2025-01-18 10:33:06.434929,3.99,UK
503,169,Apple Pay,USD,Success,,2024-08-25 10:33:06.434929,9.99,US
504,169,PayPal,USD,Success,,2024-10-03 10:33:06.434929,9.99,US
505,169,Stripe,USD,Success,,2024-10-28 10:33:06.434929,9.99,FR
506,170,Stripe,USD,Success,,2024-12-04 10:33:06.434929,9.99,FR
507,170,PayPal,USD,Success,,2024-12-29 10:33:06.434929,9.99,FR
508,171,Apple Pay,USD,Soft Decline,ERR_527,2025-11-23 10:33:06.434929,9.99,UK
509,171,Apple Pay,USD,Success,,2025-12-14 10:33:06.434929,9.99,US
510,171,Apple Pay,USD,Success,,2026-01-18 10:33:06.434929,9.99,US
511,171,Apple Pay,USD,Success,,2026-02-12 10:33:06.434929,9.99,FR
512,171,Apple Pay,USD,Hard Decline,ERR_226,2026-03-14 10:33:06.434929,9.99,UK
513,172,Stripe,USD,Success,,2024-07-05 10:33:06.434929,3.99,DE
514,172,Stripe,USD,Success,,2024-07-31 10:33:06.434929,3.99,US
515,172,Stripe,USD,Success,,2024-09-03 10:33:06.434929,3.99,US
516,172,Stripe,USD,Success,,2024-10-05 10:33:06.434929,3.99,DE
517,172,Apple Pay,USD,Success,,2024-11-02 10:33:06.434929,3.99,US
518,173,PayPal,USD,Success,,2024-02-02 10:33:06.434929,19.99,UK
519,174,Stripe,USD,Success,,2025-10-14 10:33:06.434929,9.99,US
520,174,PayPal,USD,Success,,2025-11-07 10:33:06.434929,9.99,US
521,175,PayPal,USD,Success,,2025-06-03 10:33:06.434929,3.99,DE
522,175,Stripe,USD,Success,,2025-06-25 10:33:06.434929,3.99,UK
523,175,Stripe,USD,Success,,2025-07-25 10:33:06.434929,3.99,US
524,175,Stripe,USD,Success,,2025-09-01 10:33:06.434929,3.99,DE
525,175,Stripe,USD,Soft Decline,ERR_454,2025-09-24 10:33:06.434929,3.99,US
526,176,Stripe,USD,Success,,2025-11-23 10:33:06.434929,3.99,US
527,176,Stripe,USD,Soft Decline,ERR_528,2025-12-24 10:33:06.434929,3.99,UK
528,176,PayPal,USD,Soft Decline,ERR_822,2026-01-22 10:33:06.434929,3.99,DE
529,177,Stripe,USD,Success,,2024-10-30 10:33:06.434929,19.99,US
530,177,Stripe,USD,Success,,2024-11-28 10:33:06.434929,19.99,UK
531,177,Stripe,USD,Success,,2024-12-26 10:33:06.434929,19.99,FR
532,178,PayPal,USD,Success,,2025-03-15 10:33:06.434929,9.99,DE
533,178,Stripe,USD,Success,,2025-04-09 10:33:06.434929,9.99,FR
534,178,PayPal,USD,Success,,2025-05-11 10:33:06.434929,9.99,FR
535,179,Stripe,USD,Success,,2025-08-22 10:33:06.434929,9.99,FR
536,179,Apple Pay,USD,Success,,2025-09-27 10:33:06.434929,9.99,FR
537,179,PayPal,USD,Hard Decline,ERR_194,2025-10-24 10:33:06.434929,9.99,US
538,179,Stripe,USD,Success,,2025-11-22 10:33:06.434929,9.99,FR
539,180,Stripe,USD,Soft Decline,ERR_263,2025-10-23 10:33:06.434929,19.99,UK
540,180,PayPal,USD,Success,,2025-11-24 10:33:06.434929,19.99,FR
541,180,Apple Pay,USD,Success,,2025-12-21 10:33:06.434929,19.99,DE
542,180,Stripe,USD,Success,,2026-01-25 10:33:06.434929,19.99,US
543,180,PayPal,USD,Success,,2026-02-22 10:33:06.434929,19.99,CA
544,181,PayPal,USD,Success,,2025-07-25 10:33:06.434929,19.99,DE
545,181,PayPal,USD,Success,,2025-08-24 10:33:06.434929,19.99,US
546,181,PayPal,USD,Success,,2025-09-19 10:33:06.434929,19.99,DE
547,181,Stripe,USD,Success,,2025-10-19 10:33:06.434929,19.99,UK
548,182,Stripe,USD,Success,,2025-08-23 10:33:06.434929,3.99,FR
549,183,Stripe,USD,Hard Decline,ERR_566,2025-10-19 10:33:06.434929,3.99,FR
550,184,PayPal,USD,Success,,2025-12-01 10:33:06.434929,19.99,UK
551,184,Apple Pay,USD,Success,,2025-12-24 10:33:06.434929,19.99,FR
552,184,Apple Pay,USD,Success,,2026-01-24 10:33:06.434929,19.99,US
553,185,PayPal,USD,Success,,2025-10-27 10:33:06.434929,9.99,US
554,185,Stripe,USD,Success,,2025-11-20 10:33:06.434929,9.99,US
555,185,Stripe,USD,Hard Decline,ERR_283,2025-12-20 10:33:06.434929,9.99,US
556,185,Stripe,USD,Soft Decline,ERR_825,2026-01-24 10:33:06.434929,9.99,FR
557,185,PayPal,USD,Hard Decline,ERR_299,2026-02-24 10:33:06.434929,9.99,DE
558,186,Stripe,USD,Soft Decline,ERR_715,2025-04-14 10:33:06.434929,3.99,FR
559,186,Apple Pay,USD,Success,,2025-05-12 10:33:06.434929,3.99,US
560,186,PayPal,USD,Success,,2025-06-19 10:33:06.434929,3.99,DE
561,186,Stripe,USD,Success,,2025-07-14 10:33:06.434929,3.99,UK
562,187,Stripe,USD,Success,,2025-07-05 10:33:06.434929,3.99,FR
563,187,Stripe,USD,Success,,2025-08-02 10:33:06.434929,3.99,DE
564,187,Stripe,USD,Soft Decline,ERR_681,2025-09-06 10:33:06.434929,3.99,US
565,187,Stripe,USD,Success,,2025-10-02 10:33:06.434929,3.99,US
566,187,Apple Pay,USD,Success,,2025-11-08 10:33:06.434929,3.99,UK
567,188,Stripe,USD,Success,,2024-11-01 10:33:06.434929,9.99,US
568,188,Stripe,USD,Success,,2024-12-09 10:33:06.434929,9.99,UK
569,188,PayPal,USD,Success,,2025-01-06 10:33:06.434929,9.99,US
570,188,Stripe,USD,Success,,2025-02-06 10:33:06.434929,9.99,UK
571,189,Stripe,USD,Success,,2025-03-07 10:33:06.434929,3.99,UK
572,190,PayPal,USD,Success,,2025-12-04 10:33:06.434929,9.99,UK
573,190,Stripe,USD,Success,,2025-12-30 10:33:06.434929,9.99,CA
574,190,PayPal,USD,Success,,2026-02-04 10:33:06.434929,9.99,CA
575,191,Stripe,USD,Soft Decline,ERR_716,2024-03-08 10:33:06.434929,9.99,UK
576,191,Stripe,USD,Success,,2024-04-11 10:33:06.434929,9.99,US
577,191,Stripe,USD,Success,,2024-05-06 10:33:06.434929,9.99,FR
578,191,Apple Pay,USD,Success,,2024-06-07 10:33:06.434929,9.99,DE
579,191,Stripe,USD,Success,,2024-07-02 10:33:06.434929,9.99,US
580,192,Stripe,USD,Success,,2024-03-20 10:33:06.434929,9.99,US
581,192,Stripe,USD,Success,,2024-04-24 10:33:06.434929,9.99,FR
582,192,Stripe,USD,Success,,2024-05-26 10:33:06.434929,9.99,FR
583,193,PayPal,USD,Success,,2025-08-02 10:33:06.434929,19.99,UK
584,193,Stripe,USD,Soft Decline,ERR_861,2025-09-02 10:33:06.434929,19.99,UK
585,193,Stripe,USD,Hard Decline,ERR_717,2025-10-04 10:33:06.434929,19.99,UK
586,193,PayPal,USD,Success,,2025-11-05 10:33:06.434929,19.99,CA
587,193,Stripe,USD,Soft Decline,ERR_573,2025-12-03 10:33:06.434929,19.99,US
588,194,Apple Pay,USD,Success,,2025-03-30 10:33:06.434929,19.99,US
589,194,Apple Pay,USD,Success,,2025-04-27 10:33:06.434929,19.99,CA
590,194,Stripe,USD,Success,,2025-05-20 10:33:06.434929,19.99,US
591,195,Stripe,USD,Success,,2024-07-11 10:33:06.434929,19.99,UK
592,196,PayPal,USD,Success,,2025-11-14 10:33:06.434929,9.99,UK
593,196,Stripe,USD,Hard Decline,ERR_858,2025-12-11 10:33:06.434929,9.99,CA
594,196,Stripe,USD,Success,,2026-01-15 10:33:06.434929,9.99,FR
595,197,Stripe,USD,Success,,2025-10-27 10:33:06.434929,9.99,US
596,197,Apple Pay,USD,Success,,2025-11-20 10:33:06.434929,9.99,UK
597,197,Stripe,USD,Success,,2025-12-23 10:33:06.434929,9.99,DE
598,198,PayPal,USD,Success,,2025-07-27 10:33:06.434929,19.99,FR
599,198,Stripe,USD,Success,,2025-08-30 10:33:06.434929,19.99,FR
600,198,Stripe,USD,Success,,2025-09-26 10:33:06.434929,19.99,US
601,199,Stripe,USD,Success,,2025-03-30 10:33:06.434929,3.99,UK
602,199,Stripe,USD,Success,,2025-05-03 10:33:06.434929,3.99,DE
603,199,PayPal,USD,Success,,2025-06-01 10:33:06.434929,3.99,US
604,200,Stripe,USD,Hard Decline,ERR_946,2025-03-27 10:33:06.434929,9.99,CA
605,201,Stripe,USD,Success,,2025-05-06 10:33:06.434929,3.99,US
606,201,PayPal,USD,Success,,2025-06-13 10:33:06.434929,3.99,FR
607,202,PayPal,USD,Success,,2025-04-11 10:33:06.434929,3.99,DE
608,202,Apple Pay,USD,Soft Decline,ERR_614,2025-05-02 10:33:06.434929,3.99,FR
609,202,Apple Pay,USD,Soft Decline,ERR_672,2025-06-02 10:33:06.434929,3.99,US
610,202,Stripe,USD,Success,,2025-07-06 10:33:06.434929,3.99,UK
611,202,Stripe,USD,Success,,2025-08-03 10:33:06.434929,3.99,UK
612,203,Apple Pay,USD,Success,,2024-10-01 10:33:06.434929,9.99,UK
613,203,Stripe,USD,Success,,2024-10-22 10:33:06.434929,9.99,UK
614,203,Stripe,USD,Success,,2024-11-24 10:33:06.434929,9.99,US
615,204,PayPal,USD,Success,,2024-07-04 10:33:06.434929,9.99,FR
616,204,Stripe,USD,Success,,2024-08-06 10:33:06.434929,9.99,US
617,204,Stripe,USD,Success,,2024-09-04 10:33:06.434929,9.99,US
618,204,Stripe,USD,Success,,2024-10-01 10:33:06.434929,9.99,US
619,205,Stripe,USD,Soft Decline,ERR_467,2024-12-10 10:33:06.434929,3.99,UK
620,206,Apple Pay,USD,Success,,2025-08-22 10:33:06.434929,3.99,UK
621,206,Stripe,USD,Success,,2025-09-17 10:33:06.434929,3.99,CA
622,207,PayPal,USD,Success,,2025-07-23 10:33:06.434929,19.99,US
623,207,PayPal,USD,Success,,2025-08-23 10:33:06.434929,19.99,UK
624,208,Stripe,USD,Success,,2024-10-06 10:33:06.434929,19.99,US
625,208,Apple Pay,USD,Success,,2024-11-03 10:33:06.434929,19.99,UK
626,208,PayPal,USD,Success,,2024-12-06 10:33:06.434929,19.99,FR
627,208,Apple Pay,USD,Success,,2024-12-29 10:33:06.434929,19.99,UK
628,209,PayPal,USD,Success,,2024-10-09 10:33:06.434929,9.99,FR
629,210,PayPal,USD,Hard Decline,ERR_729,2024-03-14 10:33:06.434929,19.99,DE
630,210,Apple Pay,USD,Success,,2024-04-14 10:33:06.434929,19.99,US
631,211,PayPal,USD,Success,,2025-06-25 10:33:06.434929,19.99,UK
632,212,PayPal,USD,Success,,2024-03-19 10:33:06.434929,19.99,US
633,212,Stripe,USD,Success,,2024-04-20 10:33:06.434929,19.99,UK
634,212,Stripe,USD,Success,,2024-05-12 10:33:06.434929,19.99,US
635,212,Stripe,USD,Success,,2024-06-14 10:33:06.434929,19.99,DE
636,212,PayPal,USD,Soft Decline,ERR_880,2024-07-11 10:33:06.434929,19.99,DE
637,213,Stripe,USD,Success,,2025-08-06 10:33:06.434929,19.99,US
638,213,Stripe,USD,Hard Decline,ERR_890,2025-09-05 10:33:06.434929,19.99,US
639,214,PayPal,USD,Success,,2024-05-15 10:33:06.434929,3.99,DE
640,214,Apple Pay,USD,Success,,2024-06-20 10:33:06.434929,3.99,UK
641,214,PayPal,USD,Soft Decline,ERR_291,2024-07-14 10:33:06.434929,3.99,US
642,214,Apple Pay,USD,Success,,2024-08-13 10:33:06.434929,3.99,UK
643,215,Apple Pay,USD,Success,,2025-08-18 10:33:06.434929,9.99,US
644,215,PayPal,USD,Success,,2025-09-14 10:33:06.434929,9.99,FR
645,215,PayPal,USD,Success,,2025-10-12 10:33:06.434929,9.99,UK
646,216,Stripe,USD,Success,,2025-05-30 10:33:06.434929,19.99,US
647,216,PayPal,USD,Soft Decline,ERR_646,2025-06-29 10:33:06.434929,19.99,US
648,216,Apple Pay,USD,Success,,2025-07-30 10:33:06.434929,19.99,UK
649,217,Stripe,USD,Success,,2025-08-04 10:33:06.434929,3.99,FR
650,217,Stripe,USD,Success,,2025-08-28 10:33:06.434929,3.99,US
651,218,Apple Pay,USD,Success,,2024-12-31 10:33:06.434929,3.99,UK
652,218,PayPal,USD,Soft Decline,ERR_965,2025-01-23 10:33:06.434929,3.99,US
653,219,Stripe,USD,Success,,2025-03-30 10:33:06.434929,3.99,US
654,219,Stripe,USD,Success,,2025-04-28 10:33:06.434929,3.99,UK
655,219,Stripe,USD,Success,,2025-06-05 10:33:06.434929,3.99,FR
656,219,PayPal,USD,Success,,2025-07-05 10:33:06.434929,3.99,UK
657,219,Stripe,USD,Success,,2025-07-30 10:33:06.434929,3.99,US
658,220,Stripe,USD,Success,,2025-05-05 10:33:06.434929,19.99,DE
659,220,Stripe,USD,Success,,2025-06-02 10:33:06.434929,19.99,US
660,220,Stripe,USD,Success,,2025-07-03 10:33:06.434929,19.99,DE
661,220,Stripe,USD,Success,,2025-08-01 10:33:06.434929,19.99,CA
662,221,Stripe,USD,Success,,2024-06-13 10:33:06.434929,19.99,UK
663,221,Stripe,USD,Success,,2024-07-12 10:33:06.434929,19.99,FR
664,221,PayPal,USD,Success,,2024-08-13 10:33:06.434929,19.99,FR
665,222,Stripe,USD,Success,,2025-06-26 10:33:06.434929,9.99,US
666,222,Stripe,USD,Success,,2025-07-24 10:33:06.434929,9.99,UK
667,223,Stripe,USD,Success,,2024-09-27 10:33:06.434929,19.99,US
668,223,Stripe,USD,Soft Decline,ERR_501,2024-10-28 10:33:06.434929,19.99,US
669,223,Apple Pay,USD,Success,,2024-12-02 10:33:06.434929,19.99,US
670,223,Apple Pay,USD,Success,,2024-12-31 10:33:06.434929,19.99,CA
671,223,Stripe,USD,Success,,2025-01-27 10:33:06.434929,19.99,UK
672,224,Stripe,USD,Success,,2025-07-16 10:33:06.434929,19.99,US
673,224,Stripe,USD,Success,,2025-08-18 10:33:06.434929,19.99,UK
674,225,PayPal,USD,Success,,2025-08-15 10:33:06.434929,3.99,US
675,226,Apple Pay,USD,Success,,2025-11-24 10:33:06.434929,9.99,UK
676,226,Apple Pay,USD,Success,,2025-12-31 10:33:06.434929,9.99,DE
677,226,PayPal,USD,Success,,2026-01-22 10:33:06.434929,9.99,US
678,226,Apple Pay,USD,Success,,2026-02-24 10:33:06.434929,9.99,US
679,226,PayPal,USD,Success,,2026-03-28 10:33:06.434929,9.99,UK
680,227,PayPal,USD,Success,,2024-05-16 10:33:06.434929,19.99,US
681,227,Stripe,USD,Success,,2024-06-12 10:33:06.434929,19.99,DE
682,227,Stripe,USD,Success,,2024-07-13 10:33:06.434929,19.99,FR
683,227,PayPal,USD,Success,,2024-08-10 10:33:06.434929,19.99,CA
684,227,Stripe,USD,Success,,2024-09-15 10:33:06.434929,19.99,US
685,228,Stripe,USD,Success,,2024-03-13 10:33:06.434929,19.99,US
686,228,Apple Pay,USD,Success,,2024-04-09 10:33:06.434929,19.99,US
687,228,Apple Pay,USD,Success,,2024-05-15 10:33:06.434929,19.99,US
688,229,Stripe,USD,Soft Decline,ERR_411,2025-09-07 10:33:06.434929,3.99,US
689,229,PayPal,USD,Soft Decline,ERR_717,2025-10-04 10:33:06.434929,3.99,UK
690,229,Apple Pay,USD,Success,,2025-11-11 10:33:06.434929,3.99,US
691,229,PayPal,USD,Success,,2025-12-02 10:33:06.434929,3.99,CA
692,230,Stripe,USD,Success,,2024-02-11 10:33:06.434929,3.99,US
693,230,Stripe,USD,Success,,2024-03-05 10:33:06.434929,3.99,CA
694,230,Stripe,USD,Success,,2024-04-03 10:33:06.434929,3.99,UK
695,231,PayPal,USD,Success,,2024-01-14 10:33:06.434929,19.99,FR
696,231,PayPal,USD,Success,,2024-02-12 10:33:06.434929,19.99,US
697,232,Stripe,USD,Success,,2024-05-31 10:33:06.434929,9.99,US
698,232,Stripe,USD,Success,,2024-06-25 10:33:06.434929,9.99,US
699,232,Apple Pay,USD,Success,,2024-07-31 10:33:06.434929,9.99,FR
700,232,Stripe,USD,Success,,2024-08-30 10:33:06.434929,9.99,US
701,233,PayPal,USD,Success,,2024-10-15 10:33:06.434929,9.99,US
702,233,PayPal,USD,Success,,2024-11-14 10:33:06.434929,9.99,US
703,233,PayPal,USD,Success,,2024-12-21 10:33:06.434929,9.99,FR
704,233,PayPal,USD,Success,,2025-01-13 10:33:06.434929,9.99,FR
705,234,Stripe,USD,Soft Decline,ERR_519,2025-04-01 10:33:06.434929,3.99,FR
706,234,Apple Pay,USD,Success,,2025-04-28 10:33:06.434929,3.99,UK
707,234,Stripe,USD,Success,,2025-05-28 10:33:06.434929,3.99,DE
708,235,PayPal,USD,Success,,2025-07-10 10:33:06.434929,3.99,US
709,235,PayPal,USD,Success,,2025-08-04 10:33:06.434929,3.99,FR
710,235,Stripe,USD,Success,,2025-09-01 10:33:06.434929,3.99,US
711,235,Apple Pay,USD,Success,,2025-10-02 10:33:06.434929,3.99,US
712,236,Apple Pay,USD,Success,,2024-10-17 10:33:06.434929,19.99,US
713,237,Stripe,USD,Success,,2024-09-24 10:33:06.434929,3.99,UK
714,237,Apple Pay,USD,Success,,2024-10-24 10:33:06.434929,3.99,US
715,238,Stripe,USD,Success,,2024-08-20 10:33:06.434929,19.99,US
716,239,Stripe,USD,Success,,2025-11-29 10:33:06.434929,9.99,UK
717,240,Stripe,USD,Success,,2024-03-23 10:33:06.434929,9.99,FR
718,240,PayPal,USD,Success,,2024-04-15 10:33:06.434929,9.99,UK
719,240,Stripe,USD,Hard Decline,ERR_194,2024-05-15 10:33:06.434929,9.99,FR
720,240,Stripe,USD,Success,,2024-06-14 10:33:06.434929,9.99,CA
721,240,Stripe,USD,Soft Decline,ERR_585,2024-07-21 10:33:06.434929,9.99,US
722,241,PayPal,USD,Success,,2024-03-28 10:33:06.434929,19.99,US
723,241,Apple Pay,USD,Success,,2024-04-25 10:33:06.434929,19.99,US
724,241,Stripe,USD,Success,,2024-05-27 10:33:06.434929,19.99,DE
725,241,Stripe,USD,Success,,2024-06-27 10:33:06.434929,19.99,US
726,242,PayPal,USD,Success,,2024-08-24 10:33:06.434929,3.99,US
727,242,Apple Pay,USD,Success,,2024-09-23 10:33:06.434929,3.99,US
728,243,Stripe,USD,Soft Decline,ERR_802,2025-10-07 10:33:06.434929,9.99,DE
729,243,Stripe,USD,Success,,2025-11-07 10:33:06.434929,9.99,UK
730,244,Apple Pay,USD,Success,,2024-09-15 10:33:06.434929,3.99,US
731,244,Stripe,USD,Success,,2024-10-19 10:33:06.434929,3.99,US
732,244,Stripe,USD,Success,,2024-11-17 10:33:06.434929,3.99,FR
733,245,Stripe,USD,Success,,2025-11-28 10:33:06.434929,9.99,US
734,245,Stripe,USD,Success,,2025-12-28 10:33:06.434929,9.99,FR
735,245,Apple Pay,USD,Success,,2026-01-27 10:33:06.434929,9.99,US
736,245,Stripe,USD,Success,,2026-03-04 10:33:06.434929,9.99,FR
737,246,PayPal,USD,Success,,2025-10-27 10:33:06.434929,19.99,US
738,246,Stripe,USD,Success,,2025-11-24 10:33:06.434929,19.99,US
739,246,Stripe,USD,Success,,2025-12-30 10:33:06.434929,19.99,CA
740,247,Apple Pay,USD,Success,,2024-09-17 10:33:06.434929,19.99,US
741,247,PayPal,USD,Success,,2024-10-23 10:33:06.434929,19.99,US
742,247,Stripe,USD,Success,,2024-11-16 10:33:06.434929,19.99,UK
743,248,Apple Pay,USD,Hard Decline,ERR_488,2024-05-28 10:33:06.434929,19.99,UK
744,249,Stripe,USD,Hard Decline,ERR_303,2024-11-06 10:33:06.434929,9.99,US
745,249,Stripe,USD,Success,,2024-12-05 10:33:06.434929,9.99,US
746,249,Stripe,USD,Success,,2025-01-05 10:33:06.434929,9.99,US
747,250,Stripe,USD,Success,,2025-02-07 10:33:06.434929,3.99,US
748,250,Stripe,USD,Success,,2025-03-06 10:33:06.434929,3.99,UK
749,250,Stripe,USD,Success,,2025-04-08 10:33:06.434929,3.99,US
750,250,Stripe,USD,Success,,2025-05-01 10:33:06.434929,3.99,DE
751,251,Stripe,USD,Hard Decline,ERR_517,2025-01-28 10:33:06.434929,3.99,FR
752,251,Stripe,USD,Success,,2025-02-27 10:33:06.434929,3.99,US
753,252,Stripe,USD,Success,,2024-07-14 10:33:06.434929,3.99,US
754,252,Apple Pay,USD,Success,,2024-08-17 10:33:06.434929,3.99,US
755,253,Stripe,USD,Success,,2024-10-07 10:33:06.434929,9.99,DE
756,254,Apple Pay,USD,Success,,2025-04-25 10:33:06.434929,9.99,FR
757,254,Stripe,USD,Success,,2025-05-25 10:33:06.434929,9.99,US
758,254,Stripe,USD,Success,,2025-06-27 10:33:06.434929,9.99,UK
759,255,Stripe,USD,Success,,2025-02-17 10:33:06.434929,9.99,DE
760,255,Stripe,USD,Success,,2025-03-19 10:33:06.434929,9.99,DE
761,255,Stripe,USD,Success,,2025-04-23 10:33:06.434929,9.99,US
762,255,Stripe,USD,Success,,2025-05-24 10:33:06.434929,9.99,FR
763,255,Apple Pay,USD,Hard Decline,ERR_714,2025-06-23 10:33:06.434929,9.99,CA
764,256,PayPal,USD,Success,,2025-12-14 10:33:06.434929,9.99,CA
765,257,PayPal,USD,Success,,2024-05-21 10:33:06.434929,9.99,US
766,258,PayPal,USD,Success,,2025-05-18 10:33:06.434929,3.99,FR
767,258,PayPal,USD,Success,,2025-06-17 10:33:06.434929,3.99,UK
768,258,Apple Pay,USD,Success,,2025-07-16 10:33:06.434929,3.99,US
769,259,Stripe,USD,Success,,2025-01-12 10:33:06.434929,9.99,UK
770,259,Apple Pay,USD,Soft Decline,ERR_992,2025-02-09 10:33:06.434929,9.99,US
771,259,Apple Pay,USD,Success,,2025-03-10 10:33:06.434929,9.99,DE
772,259,PayPal,USD,Success,,2025-04-04 10:33:06.434929,9.99,DE
773,260,PayPal,USD,Success,,2025-06-17 10:33:06.434929,9.99,US
774,260,PayPal,USD,Success,,2025-07-15 10:33:06.434929,9.99,US
775,261,Stripe,USD,Success,,2024-05-06 10:33:06.434929,3.99,UK
776,261,PayPal,USD,Soft Decline,ERR_780,2024-06-05 10:33:06.434929,3.99,US
777,261,Apple Pay,USD,Success,,2024-07-08 10:33:06.434929,3.99,FR
778,261,Stripe,USD,Success,,2024-08-10 10:33:06.434929,3.99,DE
779,262,Stripe,USD,Success,,2024-09-03 10:33:06.434929,9.99,US
780,262,Apple Pay,USD,Success,,2024-10-03 10:33:06.434929,9.99,UK
781,263,Apple Pay,USD,Soft Decline,ERR_278,2025-07-11 10:33:06.434929,3.99,UK
782,263,PayPal,USD,Success,,2025-08-04 10:33:06.434929,3.99,DE
783,263,PayPal,USD,Success,,2025-09-06 10:33:06.434929,3.99,FR
784,264,PayPal,USD,Success,,2024-07-20 10:33:06.434929,3.99,DE
785,264,Stripe,USD,Success,,2024-08-18 10:33:06.434929,3.99,FR
786,265,Stripe,USD,Success,,2024-12-27 10:33:06.434929,19.99,US
787,265,Stripe,USD,Success,,2025-01-30 10:33:06.434929,19.99,UK
788,265,Stripe,USD,Success,,2025-03-01 10:33:06.434929,19.99,CA
789,266,Stripe,USD,Success,,2025-12-05 10:33:06.434929,19.99,DE
790,267,Stripe,USD,Success,,2024-02-21 10:33:06.434929,19.99,US
791,267,Stripe,USD,Success,,2024-03-13 10:33:06.434929,19.99,DE
792,267,Stripe,USD,Hard Decline,ERR_933,2024-04-19 10:33:06.434929,19.99,DE
793,267,PayPal,USD,Success,,2024-05-17 10:33:06.434929,19.99,US
794,267,Stripe,USD,Soft Decline,ERR_728,2024-06-19 10:33:06.434929,19.99,DE
795,268,Apple Pay,USD,Soft Decline,ERR_547,2025-10-06 10:33:06.434929,19.99,DE
796,268,Stripe,USD,Success,,2025-11-05 10:33:06.434929,19.99,US
797,268,PayPal,USD,Success,,2025-12-06 10:33:06.434929,19.99,UK
798,268,Stripe,USD,Success,,2025-12-31 10:33:06.434929,19.99,US
799,268,Stripe,USD,Success,,2026-02-02 10:33:06.434929,19.99,UK
800,269,Stripe,USD,Success,,2025-02-14 10:33:06.434929,9.99,CA
801,269,Stripe,USD,Success,,2025-03-25 10:33:06.434929,9.99,FR
802,269,PayPal,USD,Success,,2025-04-22 10:33:06.434929,9.99,US
803,269,PayPal,USD,Success,,2025-05-18 10:33:06.434929,9.99,US
804,269,Apple Pay,USD,Soft Decline,ERR_941,2025-06-22 10:33:06.434929,9.99,UK
805,270,PayPal,USD,Success,,2025-12-07 10:33:06.434929,19.99,US
806,271,PayPal,USD,Success,,2025-09-13 10:33:06.434929,3.99,FR
807,271,Apple Pay,USD,Success,,2025-10-17 10:33:06.434929,3.99,US
808,271,Stripe,USD,Success,,2025-11-11 10:33:06.434929,3.99,US
809,272,Stripe,USD,Success,,2024-03-30 10:33:06.434929,9.99,UK
810,272,Stripe,USD,Success,,2024-05-02 10:33:06.434929,9.99,CA
811,272,Apple Pay,USD,Success,,2024-05-30 10:33:06.434929,9.99,US
812,273,Stripe,USD,Success,,2025-05-29 10:33:06.434929,19.99,DE
813,274,Stripe,USD,Success,,2025-12-02 10:33:06.434929,3.99,UK
814,274,Stripe,USD,Success,,2026-01-03 10:33:06.434929,3.99,CA
815,274,PayPal,USD,Success,,2026-02-08 10:33:06.434929,3.99,US
816,275,Stripe,USD,Soft Decline,ERR_275,2025-01-27 10:33:06.434929,9.99,DE
817,275,Stripe,USD,Success,,2025-02-28 10:33:06.434929,9.99,UK
818,275,PayPal,USD,Soft Decline,ERR_100,2025-03-26 10:33:06.434929,9.99,UK
819,276,PayPal,USD,Success,,2024-10-27 10:33:06.434929,9.99,UK
820,276,Stripe,USD,Success,,2024-11-23 10:33:06.434929,9.99,US
821,276,PayPal,USD,Success,,2024-12-24 10:33:06.434929,9.99,US
822,277,Stripe,USD,Success,,2025-02-12 10:33:06.434929,19.99,US
823,277,PayPal,USD,Success,,2025-03-11 10:33:06.434929,19.99,DE
824,277,Stripe,USD,Success,,2025-04-15 10:33:06.434929,19.99,UK
825,277,Apple Pay,USD,Success,,2025-05-11 10:33:06.434929,19.99,US
826,278,PayPal,USD,Hard Decline,ERR_594,2024-01-24 10:33:06.434929,9.99,FR
827,278,PayPal,USD,Success,,2024-02-24 10:33:06.434929,9.99,CA
828,278,Stripe,USD,Success,,2024-03-27 10:33:06.434929,9.99,UK
829,278,Stripe,USD,Success,,2024-04-25 10:33:06.434929,9.99,UK
830,279,Stripe,USD,Hard Decline,ERR_532,2024-10-14 10:33:06.434929,3.99,US
831,279,Stripe,USD,Soft Decline,ERR_128,2024-11-16 10:33:06.434929,3.99,DE
832,279,PayPal,USD,Success,,2024-12-21 10:33:06.434929,3.99,US
833,280,Stripe,USD,Success,,2024-01-28 10:33:06.434929,9.99,FR
834,280,PayPal,USD,Success,,2024-02-26 10:33:06.434929,9.99,US
835,280,Stripe,USD,Soft Decline,ERR_669,2024-04-03 10:33:06.434929,9.99,US
836,280,Stripe,USD,Success,,2024-05-02 10:33:06.434929,9.99,DE
837,280,PayPal,USD,Soft Decline,ERR_335,2024-05-27 10:33:06.434929,9.99,DE
838,281,PayPal,USD,Success,,2025-03-20 10:33:06.434929,3.99,UK
839,281,Apple Pay,USD,Success,,2025-04-12 10:33:06.434929,3.99,US
840,281,Apple Pay,USD,Success,,2025-05-19 10:33:06.434929,3.99,DE
841,281,Apple Pay,USD,Success,,2025-06-18 10:33:06.434929,3.99,US
842,281,Stripe,USD,Success,,2025-07-16 10:33:06.434929,3.99,US
843,282,Stripe,USD,Success,,2024-12-23 10:33:06.434929,9.99,UK
844,282,PayPal,USD,Success,,2025-01-30 10:33:06.434929,9.99,US
845,282,PayPal,USD,Success,,2025-02-28 10:33:06.434929,9.99,US
846,282,Apple Pay,USD,Success,,2025-03-27 10:33:06.434929,9.99,UK
847,283,PayPal,USD,Success,,2024-12-06 10:33:06.434929,19.99,FR
848,283,Stripe,USD,Success,,2024-12-31 10:33:06.434929,19.99,CA
849,283,Stripe,USD,Success,,2025-01-31 10:33:06.434929,19.99,US
850,283,Stripe,USD,Success,,2025-03-06 10:33:06.434929,19.99,US
851,283,Apple Pay,USD,Soft Decline,ERR_214,2025-04-07 10:33:06.434929,19.99,FR
852,284,PayPal,USD,Success,,2024-05-06 10:33:06.434929,3.99,US
853,285,Stripe,USD,Success,,2024-03-09 10:33:06.434929,9.99,UK
854,285,Stripe,USD,Success,,2024-04-02 10:33:06.434929,9.99,DE
855,285,Stripe,USD,Soft Decline,ERR_627,2024-05-03 10:33:06.434929,9.99,FR
856,286,PayPal,USD,Success,,2024-10-09 10:33:06.434929,9.99,FR
857,286,PayPal,USD,Success,,2024-11-10 10:33:06.434929,9.99,US
858,287,PayPal,USD,Success,,2025-04-21 10:33:06.434929,9.99,US
859,287,Apple Pay,USD,Success,,2025-05-24 10:33:06.434929,9.99,UK
860,287,Stripe,USD,Success,,2025-06-14 10:33:06.434929,9.99,FR
861,288,PayPal,USD,Success,,2025-06-15 10:33:06.434929,3.99,DE
862,288,Stripe,USD,Success,,2025-07-19 10:33:06.434929,3.99,US
863,289,PayPal,USD,Soft Decline,ERR_662,2025-02-24 10:33:06.434929,3.99,US
864,289,Apple Pay,USD,Success,,2025-03-26 10:33:06.434929,3.99,UK
865,290,Stripe,USD,Success,,2024-11-30 10:33:06.434929,3.99,UK
866,290,PayPal,USD,Soft Decline,ERR_133,2025-01-03 10:33:06.434929,3.99,US
867,291,PayPal,USD,Hard Decline,ERR_531,2024-04-27 10:33:06.434929,19.99,DE
868,291,Apple Pay,USD,Success,,2024-05-20 10:33:06.434929,19.99,US
869,291,Stripe,USD,Hard Decline,ERR_551,2024-06-21 10:33:06.434929,19.99,FR
870,292,PayPal,USD,Success,,2024-04-29 10:33:06.434929,19.99,US
871,292,PayPal,USD,Success,,2024-06-04 10:33:06.434929,19.99,DE
872,292,Stripe,USD,Success,,2024-06-29 10:33:06.434929,19.99,US
873,293,PayPal,USD,Success,,2024-09-12 10:33:06.434929,3.99,US
874,294,Stripe,USD,Soft Decline,ERR_640,2025-11-27 10:33:06.434929,9.99,US
875,294,Stripe,USD,Success,,2025-12-30 10:33:06.434929,9.99,DE
876,295,Stripe,USD,Success,,2025-03-09 10:33:06.434929,19.99,US
877,295,PayPal,USD,Success,,2025-04-09 10:33:06.434929,19.99,US
878,296,Stripe,USD,Soft Decline,ERR_855,2025-11-09 10:33:06.434929,3.99,US
879,296,Stripe,USD,Success,,2025-12-15 10:33:06.434929,3.99,FR
880,296,Apple Pay,USD,Success,,2026-01-12 10:33:06.434929,3.99,US
881,296,Apple Pay,USD,Success,,2026-02-07 10:33:06.434929,3.99,US
882,297,Stripe,USD,Hard Decline,ERR_442,2025-09-22 10:33:06.434929,9.99,US
883,297,Apple Pay,USD,Success,,2025-10-27 10:33:06.434929,9.99,DE
884,297,Apple Pay,USD,Success,,2025-11-23 10:33:06.434929,9.99,CA
885,297,Stripe,USD,Success,,2025-12-22 10:33:06.434929,9.99,DE
886,297,Stripe,USD,Success,,2026-01-19 10:33:06.434929,9.99,US
887,298,Apple Pay,USD,Success,,2025-09-23 10:33:06.434929,19.99,US
888,298,PayPal,USD,Success,,2025-10-31 10:33:06.434929,19.99,FR
889,298,Stripe,USD,Success,,2025-11-23 10:33:06.434929,19.99,FR
890,299,Stripe,USD,Soft Decline,ERR_203,2025-08-19 10:33:06.434929,9.99,FR
891,299,PayPal,USD,Success,,2025-09-21 10:33:06.434929,9.99,FR
892,299,Apple Pay,USD,Success,,2025-10-17 10:33:06.434929,9.99,FR
893,300,Stripe,USD,Success,,2024-05-04 10:33:06.434929,9.99,DE
894,300,Stripe,USD,Success,,2024-05-27 10:33:06.434929,9.99,US
895,300,Apple Pay,USD,Success,,2024-07-03 10:33:06.434929,9.99,US
896,300,Stripe,USD,Success,,2024-07-28 10:33:06.434929,9.99,UK
897,301,Apple Pay,USD,Success,,2025-07-24 10:33:06.434929,9.99,UK
898,301,Apple Pay,USD,Success,,2025-08-22 10:33:06.434929,9.99,UK
899,302,Stripe,USD,Success,,2024-06-16 10:33:06.434929,9.99,FR
900,303,Apple Pay,USD,Success,,2024-04-16 10:33:06.434929,19.99,FR
901,303,Apple Pay,USD,Success,,2024-05-16 10:33:06.434929,19.99,DE
902,303,PayPal,USD,Success,,2024-06-16 10:33:06.434929,19.99,UK
903,303,Apple Pay,USD,Success,,2024-07-17 10:33:06.434929,19.99,FR
904,303,Stripe,USD,Success,,2024-08-22 10:33:06.434929,19.99,US
905,304,Stripe,USD,Success,,2024-02-19 10:33:06.434929,19.99,US
906,304,Stripe,USD,Hard Decline,ERR_884,2024-03-15 10:33:06.434929,19.99,US
907,304,PayPal,USD,Success,,2024-04-15 10:33:06.434929,19.99,US
908,305,Stripe,USD,Success,,2025-09-29 10:33:06.434929,19.99,FR
909,305,Apple Pay,USD,Success,,2025-10-25 10:33:06.434929,19.99,CA
910,305,PayPal,USD,Success,,2025-12-03 10:33:06.434929,19.99,US
911,305,Stripe,USD,Success,,2026-01-02 10:33:06.434929,19.99,US
912,306,Stripe,USD,Success,,2025-08-25 10:33:06.434929,3.99,US
913,307,Stripe,USD,Success,,2025-08-24 10:33:06.434929,19.99,US
914,307,PayPal,USD,Success,,2025-09-19 10:33:06.434929,19.99,CA
915,307,PayPal,USD,Success,,2025-10-18 10:33:06.434929,19.99,US
916,308,Apple Pay,USD,Success,,2025-04-24 10:33:06.434929,9.99,FR
917,308,Stripe,USD,Success,,2025-05-28 10:33:06.434929,9.99,US
918,308,Apple Pay,USD,Success,,2025-06-25 10:33:06.434929,9.99,US
919,309,Apple Pay,USD,Success,,2024-02-12 10:33:06.434929,19.99,DE
920,309,Stripe,USD,Success,,2024-03-19 10:33:06.434929,19.99,CA
921,309,PayPal,USD,Soft Decline,ERR_538,2024-04-16 10:33:06.434929,19.99,US
922,309,Apple Pay,USD,Success,,2024-05-14 10:33:06.434929,19.99,US
923,310,Stripe,USD,Success,,2025-10-19 10:33:06.434929,9.99,US
924,310,PayPal,USD,Success,,2025-11-22 10:33:06.434929,9.99,CA
925,310,Apple Pay,USD,Success,,2025-12-21 10:33:06.434929,9.99,US
926,310,Stripe,USD,Success,,2026-01-21 10:33:06.434929,9.99,UK
927,311,Stripe,USD,Hard Decline,ERR_757,2024-09-30 10:33:06.434929,3.99,US
928,312,Apple Pay,USD,Success,,2024-09-17 10:33:06.434929,9.99,UK
929,312,Apple Pay,USD,Success,,2024-10-22 10:33:06.434929,9.99,UK
930,312,PayPal,USD,Success,,2024-11-17 10:33:06.434929,9.99,US
931,313,Stripe,USD,Success,,2024-04-12 10:33:06.434929,9.99,US
932,313,Stripe,USD,Success,,2024-05-13 10:33:06.434929,9.99,US
933,313,PayPal,USD,Soft Decline,ERR_857,2024-06-18 10:33:06.434929,9.99,US
934,313,Stripe,USD,Success,,2024-07-12 10:33:06.434929,9.99,US
935,314,Apple Pay,USD,Success,,2024-12-22 10:33:06.434929,9.99,DE
936,314,Apple Pay,USD,Success,,2025-01-17 10:33:06.434929,9.99,UK
937,314,PayPal,USD,Success,,2025-02-15 10:33:06.434929,9.99,FR
938,315,Apple Pay,USD,Success,,2024-10-31 10:33:06.434929,3.99,US
939,315,Stripe,USD,Success,,2024-12-03 10:33:06.434929,3.99,FR
940,315,Stripe,USD,Success,,2025-01-02 10:33:06.434929,3.99,US
941,315,Apple Pay,USD,Success,,2025-01-30 10:33:06.434929,3.99,FR
942,316,Stripe,USD,Success,,2024-04-16 10:33:06.434929,19.99,UK
943,317,PayPal,USD,Success,,2024-11-06 10:33:06.434929,19.99,DE
944,317,PayPal,USD,Success,,2024-11-29 10:33:06.434929,19.99,US
945,318,PayPal,USD,Success,,2025-09-12 10:33:06.434929,3.99,UK
946,318,PayPal,USD,Success,,2025-10-11 10:33:06.434929,3.99,DE
947,319,Stripe,USD,Success,,2025-01-25 10:33:06.434929,9.99,US
948,319,Stripe,USD,Success,,2025-02-23 10:33:06.434929,9.99,US
949,319,Apple Pay,USD,Success,,2025-03-22 10:33:06.434929,9.99,FR
950,319,Stripe,USD,Soft Decline,ERR_204,2025-04-19 10:33:06.434929,9.99,UK
951,320,Stripe,USD,Soft Decline,ERR_320,2024-02-16 10:33:06.434929,19.99,CA
952,320,Stripe,USD,Soft Decline,ERR_324,2024-03-13 10:33:06.434929,19.99,FR
953,321,PayPal,USD,Success,,2025-10-28 10:33:06.434929,3.99,DE
954,321,Apple Pay,USD,Success,,2025-11-26 10:33:06.434929,3.99,UK
955,321,Stripe,USD,Success,,2025-12-21 10:33:06.434929,3.99,UK
956,321,PayPal,USD,Success,,2026-01-24 10:33:06.434929,3.99,US
957,322,Apple Pay,USD,Success,,2025-07-11 10:33:06.434929,19.99,DE
958,323,Stripe,USD,Soft Decline,ERR_251,2025-09-21 10:33:06.434929,3.99,US
959,323,Stripe,USD,Success,,2025-10-25 10:33:06.434929,3.99,UK
960,323,PayPal,USD,Success,,2025-11-19 10:33:06.434929,3.99,UK
961,323,PayPal,USD,Success,,2025-12-26 10:33:06.434929,3.99,FR
962,324,Stripe,USD,Success,,2025-01-02 10:33:06.434929,9.99,US
963,325,Stripe,USD,Success,,2025-04-19 10:33:06.434929,19.99,DE
964,326,Stripe,USD,Success,,2024-06-13 10:33:06.434929,3.99,UK
965,326,Apple Pay,USD,Success,,2024-07-12 10:33:06.434929,3.99,UK
966,326,Stripe,USD,Success,,2024-08-13 10:33:06.434929,3.99,DE
967,327,Stripe,USD,Success,,2024-08-19 10:33:06.434929,19.99,US
968,327,Stripe,USD,Success,,2024-09-12 10:33:06.434929,19.99,US
969,327,PayPal,USD,Success,,2024-10-19 10:33:06.434929,19.99,DE
970,327,Stripe,USD,Success,,2024-11-17 10:33:06.434929,19.99,US
971,328,PayPal,USD,Success,,2024-04-17 10:33:06.434929,19.99,US
972,328,PayPal,USD,Success,,2024-05-16 10:33:06.434929,19.99,CA
973,328,Stripe,USD,Success,,2024-06-18 10:33:06.434929,19.99,CA
974,329,Stripe,USD,Success,,2024-06-26 10:33:06.434929,19.99,UK
975,329,Stripe,USD,Success,,2024-07-19 10:33:06.434929,19.99,US
976,329,PayPal,USD,Success,,2024-08-17 10:33:06.434929,19.99,US
977,330,PayPal,USD,Success,,2025-08-03 10:33:06.434929,19.99,FR
978,330,PayPal,USD,Soft Decline,ERR_767,2025-09-03 10:33:06.434929,19.99,DE
979,330,Stripe,USD,Success,,2025-09-26 10:33:06.434929,19.99,DE
980,331,PayPal,USD,Success,,2025-11-15 10:33:06.434929,3.99,US
981,331,PayPal,USD,Success,,2025-12-09 10:33:06.434929,3.99,US
982,331,Apple Pay,USD,Success,,2026-01-15 10:33:06.434929,3.99,DE
983,332,Stripe,USD,Soft Decline,ERR_630,2025-04-10 10:33:06.434929,9.99,UK
984,332,PayPal,USD,Success,,2025-05-16 10:33:06.434929,9.99,CA
985,332,Stripe,USD,Success,,2025-06-17 10:33:06.434929,9.99,US
986,333,Stripe,USD,Success,,2024-03-08 10:33:06.434929,3.99,CA
987,334,Stripe,USD,Hard Decline,ERR_262,2025-08-29 10:33:06.434929,3.99,US
988,334,Stripe,USD,Success,,2025-09-30 10:33:06.434929,3.99,CA
989,335,PayPal,USD,Success,,2024-04-02 10:33:06.434929,3.99,US
990,336,PayPal,USD,Success,,2025-10-16 10:33:06.434929,9.99,UK
991,337,PayPal,USD,Success,,2025-01-26 10:33:06.434929,19.99,US
992,338,PayPal,USD,Success,,2024-02-10 10:33:06.434929,19.99,UK
993,338,Stripe,USD,Success,,2024-03-13 10:33:06.434929,19.99,UK
994,338,Stripe,USD,Success,,2024-04-08 10:33:06.434929,19.99,US
995,339,PayPal,USD,Success,,2024-03-25 10:33:06.434929,19.99,CA
996,340,Stripe,USD,Soft Decline,ERR_611,2025-01-11 10:33:06.434929,9.99,US
997,340,PayPal,USD,Success,,2025-02-10 10:33:06.434929,9.99,FR
998,340,PayPal,USD,Success,,2025-03-17 10:33:06.434929,9.99,DE
999,340,Stripe,USD,Success,,2025-04-14 10:33:06.434929,9.99,UK
1000,341,Stripe,USD,Success,,2024-08-13 10:33:06.434929,19.99,DE
1001,341,Stripe,USD,Hard Decline,ERR_339,2024-09-07 10:33:06.434929,19.99,CA
1002,341,Stripe,USD,Success,,2024-10-11 10:33:06.434929,19.99,US
1003,341,Stripe,USD,Success,,2024-11-10 10:33:06.434929,19.99,CA
1004,341,Stripe,USD,Soft Decline,ERR_738,2024-12-08 10:33:06.434929,19.99,UK
1005,342,Stripe,USD,Success,,2024-03-07 10:33:06.434929,9.99,US
1006,342,PayPal,USD,Success,,2024-04-02 10:33:06.434929,9.99,CA
1007,342,Apple Pay,USD,Success,,2024-05-06 10:33:06.434929,9.99,US
1008,342,PayPal,USD,Success,,2024-05-30 10:33:06.434929,9.99,UK
1009,342,PayPal,USD,Success,,2024-06-30 10:33:06.434929,9.99,DE
1010,343,PayPal,USD,Hard Decline,ERR_904,2025-05-28 10:33:06.434929,19.99,CA
1011,343,Stripe,USD,Success,,2025-06-28 10:33:06.434929,19.99,FR
1012,343,Apple Pay,USD,Soft Decline,ERR_672,2025-08-03 10:33:06.434929,19.99,US
1013,343,PayPal,USD,Success,,2025-09-02 10:33:06.434929,19.99,FR
1014,344,Apple Pay,USD,Success,,2025-10-01 10:33:06.434929,19.99,UK
1015,344,PayPal,USD,Hard Decline,ERR_292,2025-11-04 10:33:06.434929,19.99,UK
1016,345,Stripe,USD,Success,,2024-08-18 10:33:06.434929,3.99,UK
1017,345,Stripe,USD,Success,,2024-09-11 10:33:06.434929,3.99,US
1018,346,PayPal,USD,Success,,2025-09-15 10:33:06.434929,9.99,CA
1019,346,PayPal,USD,Success,,2025-10-19 10:33:06.434929,9.99,UK
1020,346,Stripe,USD,Success,,2025-11-19 10:33:06.434929,9.99,DE
1021,347,Stripe,USD,Success,,2025-10-18 10:33:06.434929,3.99,UK
1022,347,Stripe,USD,Success,,2025-11-15 10:33:06.434929,3.99,DE
1023,347,Stripe,USD,Success,,2025-12-19 10:33:06.434929,3.99,UK
1024,347,Apple Pay,USD,Success,,2026-01-19 10:33:06.434929,3.99,FR
1025,347,Stripe,USD,Success,,2026-02-19 10:33:06.434929,3.99,UK
1026,348,PayPal,USD,Success,,2025-02-05 10:33:06.434929,3.99,UK
1027,349,PayPal,USD,Soft Decline,ERR_659,2024-10-10 10:33:06.434929,3.99,CA
1028,349,PayPal,USD,Success,,2024-11-07 10:33:06.434929,3.99,CA
1029,349,Stripe,USD,Success,,2024-12-15 10:33:06.434929,3.99,US
1030,350,Stripe,USD,Success,,2025-01-19 10:33:06.434929,9.99,US
1031,350,Stripe,USD,Success,,2025-02-19 10:33:06.434929,9.99,US
1032,350,PayPal,USD,Success,,2025-03-18 10:33:06.434929,9.99,UK
1033,350,Stripe,USD,Success,,2025-04-19 10:33:06.434929,9.99,UK
